링크 ,
https://youtu.be/qBT9QIqI9hc?si=GrM9tnifLjP4apYu,
https://youtu.be/6q-2grzfu8Y?si=hiKvNXmRgY8n_lkK,
https://youtu.be/GgmUFUjAPxU?si=pqQZhkIGAohhGonc,
https://youtu.be/oGYNHL583u8?si=uOLfX8PwQ0kR21fg,
https://youtu.be/5bXJjBGNyPw?si=JhRB8zu3XWGPmI3u,
https://youtu.be/RDddNbm1WfI?si=kKAJIvWmxgWEBR4T,
https://youtu.be/AUtRo2va3pg?si=vQmEEVb2tbUUG44F,
https://youtu.be/M9O69Jo7vVY?si=HLeZc61fJwf6Bq68,
https://youtu.be/uPETHTb69E8?si=L6IFXFgPuR5527EI,
https://youtu.be/D0tJ9fonOpA?si=Bs-fd7ygOJjzUF3Q,
https://youtu.be/hAcvQOkLznU?si=JmfXslgCC3lc1x0O,
https://youtu.be/byN7XXMMBaY?si=GjhUfayhUWsNnDfg,
https://youtu.be/OnIzvmQtXZE?si=PZTkDs4Zsfe3oMfV,
https://youtu.be/uVQlPXUVS0U?si=fYxC4memdyZLUQDG,
https://youtu.be/k8a1SAGMn20?si=WplECpbhMHk87FWp,
https://youtu.be/oIoVxLFZ0iY?si=enFw8x7wkGuoLxWG,
https://youtu.be/mw6kgi5uCKM?si=JkI9zPzvsYbt35Gq,
https://youtu.be/LzHMy2ScdhA?si=RLP9f9ll1DtDYzcL,
https://youtu.be/Wa1pT9OR3Po?si=_KyU_xR_FEMtofov,
https://youtu.be/86QUMEccVlI?si=sRgRD2KnTK38FedS,
https://youtu.be/N1ehvkMBAeE?si=2ghinjjveWAcxssU,
https://youtu.be/Zzv13vwqiDA?si=TdiGlVodHpY0GXS4,
https://youtu.be/aAWY3HO8kJ0?si=gCLAWPe2VKs5Ny_L,
https://youtu.be/iYfKZ8A-4lY?si=5D31KDlOHj1fF7kj,
https://youtu.be/RDmljBR37-g?si=iu3pfxaHTyfYMrrb,
https://youtu.be/tCjimeP_rww?si=cWyJY08CCq_9Vgcj,
https://youtu.be/KmoKfH1snlI?si=wwFoSDwprkpfR1LC,
https://youtu.be/rf0dIoJ7Lcs?si=Oc-HIrh3BSCCPsQk,
https://youtu.be/YTkWWJnwBX0?si=WlXU1EV7hogUxEzY,
https://youtu.be/V7YeRzTr1VE?si=5NiuAHxLw4gLHgg9,
https://youtu.be/pa4LLccyECw?si=B5QGAszxSgkcd70E,
https://youtu.be/lF3GIZ5HGOI?si=qVRZ-vR1VcwLuaxm,
https://youtu.be/HotKpvn6w3M?si=n8Qmx6V4QWcQZgQ1,
https://youtu.be/gv07oGWes1s?si=6Bpd5vfPuZhTDP_W,
https://youtu.be/byN7XXMMBaY?si=i8tWPGQaEN1PvB1l,
https://youtu.be/bwbb8BC2xtQ?si=fx8A-z3Z8riHq-Pd,
https://youtu.be/EwGV43DEqT4?si=SVV-vKdOoPa2WRxm,
https://youtu.be/eVTkN-_R8Ss?si=0vMbYSDOjjm3_V5D,
https://youtu.be/oYTMqupQ1rw?si=eIlX_XP0h0kKoeS2,
https://youtu.be/75ouBO_NgcY?si=bKc3wSeVJ9KUBUHF,
https://youtu.be/mCLs41bRmms?si=pD68yZDaUXtWzGzj,
https://youtu.be/uNgG1Z-GruY?si=PNwBR7km4EZ_OCLv,
https://youtu.be/yukn1cxrkOc?si=Ye5C-9UdvG4gIstY,
https://youtu.be/GguKBYKnmmY?si=Ikj7VslMZECMrzHp,
https://youtu.be/uxlyguVza9Q?si=En27aL_2NK4BM6fT,
https://youtu.be/ymWyGhq6DH0?si=U0aJQdBkW5J-cVSt,
https://youtu.be/BdLd7cG42LU?si=xeeMKeacZFKhnctr,
https://youtu.be/hzhkLMhwMCg?si=GY2qPAz0TZRgB4EW,
https://youtu.be/1L60ZQnZj2k?si=Z0bQ_s9ffIEbRMiZ,
https://youtu.be/G6yZtzHrI4s?si=K0Ttx1cGG1mi5zFi,
https://youtu.be/ryglGZDW6Ks?si=jSt_S0H5Mg2SyLTY,
https://youtu.be/oL7MnQ_uOGs?si=Hz8r6YkI9sktoj8M,
https://youtu.be/C9twNJ2WD6g?si=n-CUSugv51QZ0FlL,
https://www.youtube.com/watch?v=-2LyctYytuQ,
https://youtu.be/oZKOF5AoOcY?si=gH48Y0pIz2KUiANc,
https://youtu.be/MML9Mjra2Cs?si=5kJ4AZgiyMEx6PwO,
https://youtu.be/vUnEtNHkDlg?si=FgtFYs_uRagAy54U,
https://youtu.be/jkE-wOsM1pw?si=5zuKe5OxlC8lSkxT,
https://youtu.be/ASqRsC00I3w?si=NsyrVDlhmZS8uPJk,
https://youtu.be/T5i1XC4B4Fk?si=PngYJqhTgnvFl1vj,
https://youtu.be/kKHxhFA_rr8?si=IpNngUsN4-NUzrQG,
https://youtu.be/qLZwOcxleHw?si=SI9B8xiGBD4SJts4,
https://youtu.be/QUhEqugoLKQ?si=8vRB7cqiY24sJ7BF,
https://youtu.be/1JbhUxLh3wU?si=J2HJ5MPPw-eOE7Dd,
https://youtu.be/aq-x91XkWwg?si=hVNJKAtqangPOCaA,
https://youtu.be/LZHYrBC8jPc?si=hD-n5zEzcoSItcZy,
https://youtu.be/dp5pwdjHUSE?si=rQrGAeEo_gNgKrM1,
https://youtu.be/KH3aTlFiZSw?si=gaUA35QcE_sb_qyC,
https://youtu.be/fSNqvWPjfoQ?si=a8OWh4J8h2HLf8YA,
https://youtu.be/BFeF_5NywSs?si=sPGWFqi_FUvlBy4r,
https://youtu.be/cCMTp7GCFVY?si=ssw8VK6TLxQ1Rwi8,
https://youtu.be/1e3fdWqWQEg?si=XZv1o61xOUQqEJH6,
https://youtu.be/GYGx90FAToQ?si=CfBQmIQeavZFhCUP,
https://youtu.be/tjafCwp5oAw?si=OmMjTdNOC_D8LDAA,
https://youtu.be/ecIotto5LqQ?si=SGOEg-9BVuQz_RJC,
https://youtu.be/0sgm0B2Ikcc?si=MtZUArfwd02zB4xo,
https://youtu.be/5wIZ6lwfMyg?si=WV2s8JKzn6pplwTL,
https://youtu.be/Q9vFDuXnlhs?si=vuEMSssqfPFi2N5N,
https://youtu.be/58iI_FSILBc?si=g2tVfXZPiS7LoLOw,
https://youtu.be/OZVTaZzSsBM?si=BEATh06L9KDUUoFY,
https://youtu.be/m9VxFvtqo04?si=9mPC0TvbrgjW5V68,
https://youtu.be/WwoJFdKdM3c?si=8mw_b538R57m6UY6,
https://youtu.be/A3p1bVQpelY?si=GEfvR8oMGomitRqT,
https://youtu.be/F5cAyO4SSsY?si=zN95KbPBwdhC1keZ,
https://youtu.be/fSPgnjZuQrY?si=uobSU7PKwvdZm_J-,
https://youtu.be/zMSnuF7pxJs?si=KpJc6w0le62FJC0K,
https://youtu.be/IBZfS0rLvIA?si=PRUSMkb4L90rpQ4v,
https://youtu.be/UOWbXxaTvbI?si=5rXfyB3NDG2KS2EU,
https://youtu.be/Vnl9Pvnfbgk?si=J7UrrTKdjtjf_JKv,
https://youtu.be/0pcUlf3FZvw?si=nU2iUg-ojEqbDG3k,
https://youtu.be/Gh81gech3d0?si=WOwzWVVK5JdsqJJE,
https://youtu.be/T5KGs5yy99E?si=x-95WTlxZ39O7z3g,
https://youtu.be/-dxvMreNtVU?si=MJc-u9fWagJ4ZooN,
https://youtu.be/wzoAJXgwqZU?si=IkCcctP7WmXHAOMh,
https://youtu.be/fvd_R7VmfgY?si=IyTLRSGUYe9N8KqP,
https://youtu.be/qEqpdlbpxl0?si=fEQoDg31IMPQNnJt,
https://youtu.be/Loh1BZKgEm8?si=tbO2yR1UGeZC9gk1,
https://youtu.be/wfUmIR55-FU?si=icOqxKZvF9H9QOPh,
https://youtu.be/0fuJJ5bDbyo?si=TojZ7AzUzhZOTtci,
https://youtu.be/okAdM8Jj8og?si=w9aaI2uXPXu16zaf,
https://youtu.be/P5GdihXWkZ0?si=xWK5mPxWHaIVLSAm,
https://youtu.be/XcadNDpl10U?si=Q69Btypay_ngtNkQ,
https://youtu.be/q_i96eDXJCU?si=kVeTGY9UVU9o8o5N,
https://youtu.be/qUT7yfmxHCY?si=mocIIkjIdkV8zxjO,
https://youtu.be/301hyBnZF7k?si=myn0XgnI_Y1J-d9h,
https://youtu.be/UzCK38cZZ6s?si=adAVRNPiwcwQmev_,
https://youtu.be/qqvewMTrAik?si=p-P3tRbZIDc2uhMi,
https://youtu.be/0vwpEx9x0lA?si=Xa_mHUqzTPDAUp5s,
https://youtu.be/6BQ86HA23v4?si=l6u5pfNZEV1PgBkG,
https://youtu.be/bjv3LCoKCwU?si=5XxYSqj9hERs2ckB,
https://youtu.be/h6YqB5mL5DQ?si=czG8dtklu4nf-A3n,
https://youtu.be/aBJugXptL7M?si=N7yRjTWFAnAVgNfW,
https://youtu.be/JcbjQy3x1bE?si=vosvmCyKk9pYVJLh,
https://youtu.be/vgwx2UG6UjQ?si=H5QDKTC7OdkEGZsT,
https://youtu.be/fIu9NZcPKH0?si=zj-Bwm3rf-E6bSlt,
https://youtu.be/sY-GAXEE4GE?si=AripP4iuaDHrTnB7,
https://youtu.be/UzlUK2A4kaM?si=MHcpdyUW09uvwpG6,
https://youtu.be/ETRJjaTNl7Y?si=TFvi-C9ozq1m9p3F,